locus	chr	start	end	phenotype	ensemblID	gene	QTLs_used	nSNPS	perm	prior	sumbf	logBF_locus	PPA	coloc_ppas	best.snp.coloc	gwas_p
18:8808464:T:C	18	7808466	9808466	18:8807060:8809448:clu_2300_+	ENSG00000168502.17	MTCL1	HAEC_sQTL	5040	ab	1e-05	33.4877599073643	24.9625985462989	0.877856037332312	0.877856037332312	18:8808466:T:C	1.033e-11
